Workbook

Sheet Raw Data
A1: CustomerID | B1: Gender | C1: Age | D1: Region | E1: Annual Income ($'000) | F1: Spending Score (1-100) | G1: Product Category | H1: Last Purchase ($) | I1: Value Score (Income x Spending) | J1: Unique Rank
A2: 1 | B2: Male | C2: 58 | D2: North | E2: 92.3 | F2: 32 | G2: Apparel | H2: 86.98 | I2: =E2*F2 -> 2953.6 | J2: =RANK(I2,$I$2:$I$201)+COUNTIF($I$2:I2,I2)-1 -> 89
A3: 2 | B3: Male | C3: 24 | D3: Central | E3: 32.7 | F3: 4 | G3: Electronics | H3: 124.95 | I3: =E3*F3 -> 130.8 | J3: =RANK(I3,$I$2:$I$201)+COUNTIF($I$2:I3,I3)-1 -> 197
A4: 3 | B4: Male | C4: 50 | D4: Central | E4: 70.6 | F4: 84 | G4: Beauty | H4: 221.37 | I4: =E4*F4 -> 5930.4 | J4: =RANK(I4,$I$2:$I$201)+COUNTIF($I$2:I4,I4)-1 -> 25
A5: 4 | B5: Female | C5: 46 | D5: North | E5: 85.8 | F5: 21 | G5: Home & Living | H5: 183.32 | I5: =E5*F5 -> 1801.8 | J5: =RANK(I5,$I$2:$I$201)+COUNTIF($I$2:I5,I5)-1 -> 123
A6: 5 | B6: Male | C6: 27 | D6: East | E6: 25.3 | F6: 49 | G6: Electronics | H6: 192.31 | I6: =E6*F6 -> 1239.7 | J6: =RANK(I6,$I$2:$I$201)+COUNTIF($I$2:I6,I6)-1 -> 149
A7: 6 | B7: Female | C7: 40 | D7: North | E7: 73.8 | F7: 69 | G7: Electronics | H7: 487.1 | I7: =E7*F7 -> 5092.2 | J7: =RANK(I7,$I$2:$I$201)+COUNTIF($I$2:I7,I7)-1 -> 39
A8: 7 | B8: Male | C8: 42 | D8: Central | E8: 59.9 | F8: 81 | G8: Beauty | H8: 445.02 | I8: =E8*F8 -> 4851.9 | J8: =RANK(I8,$I$2:$I$201)+COUNTIF($I$2:I8,I8)-1 -> 43
A9: 8 | B9: Male | C9: 41 | D9: North | E9: 48.2 | F9: 30 | G9: Groceries | H9: 492.91 | I9: =E9*F9 -> 1446 | J9: =RANK(I9,$I$2:$I$201)+COUNTIF($I$2:I9,I9)-1 -> 137
A10: 9 | B10: Male | C10: 32 | D10: West | E10: 41.3 | F10: 82 | G10: Groceries | H10: 98.07 | I10: =E10*F10 -> 3386.6 | J10: =RANK(I10,$I$2:$I$201)+COUNTIF($I$2:I10,I10)-1 -> 79
A11: 10 | B11: Male | C11: 40 | D11: East | E11: 72.7 | F11: 88 | G11: Electronics | H11: 312.38 | I11: =E11*F11 -> 6397.6 | J11: =RANK(I11,$I$2:$I$201)+COUNTIF($I$2:I11,I11)-1 -> 16
A12: 11 | B12: Male | C12: 28 | D12: South | E12: 41.5 | F12: 35 | G12: Beauty | H12: 125.42 | I12: =E12*F12 -> 1452.5 | J12: =RANK(I12,$I$2:$I$201)+COUNTIF($I$2:I12,I12)-1 -> 136
A13: 12 | B13: Male | C13: 38 | D13: South | E13: 73.9 | F13: 41 | G13: Home & Living | H13: 148.52 | I13: =E13*F13 -> 3029.9 | J13: =RANK(I13,$I$2:$I$201)+COUNTIF($I$2:I13,I13)-1 -> 86
... A201: 200 | B201: Female | C201: 61 | D201: Central | E201: 89.3 | F201: 6 | G201: Apparel | H201: 209.73 | I201: =E201*F201 -> 535.8 | J201: =RANK(I201,$I$2:$I$201)+COUNTIF($I$2:I201,I201)-1 -> 178

Sheet Segmentation
A1: Customer Segmentation Analysis
A3: By Age Group
A4: Age Group | B4: Customer Count | C4: Avg Income ($'000) | D4: Avg Spending Score | E4: Avg Purchase ($)
A5: 18-25 | B5: =COUNTIFS('Raw Data'!$C$2:$C$201,">="&18,'Raw Data'!$C$2:$C$201,"<="&25) -> 28 | C5: =_xlfn.IFERROR(AVERAGEIFS('Raw Data'!$E$2:$E$201,'Raw Data'!$C$2:$C$201,">="&18,'Raw Data'!$C$2:$C$201,"<="&25),0) -> 0 | D5: =_xlfn.IFERROR(AVERAGEIFS('Raw Data'!$F$2:$F$201,'Raw Data'!$C$2:$C$201,">="&18,'Raw Data'!$C$2:$C$201,"<="&25),0) -> 0 | E5: =_xlfn.IFERROR(AVERAGEIFS('Raw Data'!$H$2:$H$201,'Raw Data'!$C$2:$C$201,">="&18,'Raw Data'!$C$2:$C$201,"<="&25),0) -> 0
A6: 26-35 | B6: =COUNTIFS('Raw Data'!$C$2:$C$201,">="&26,'Raw Data'!$C$2:$C$201,"<="&35) -> 39 | C6: =_xlfn.IFERROR(AVERAGEIFS('Raw Data'!$E$2:$E$201,'Raw Data'!$C$2:$C$201,">="&26,'Raw Data'!$C$2:$C$201,"<="&35),0) -> 0 | D6: =_xlfn.IFERROR(AVERAGEIFS('Raw Data'!$F$2:$F$201,'Raw Data'!$C$2:$C$201,">="&26,'Raw Data'!$C$2:$C$201,"<="&35),0) -> 0 | E6: =_xlfn.IFERROR(AVERAGEIFS('Raw Data'!$H$2:$H$201,'Raw Data'!$C$2:$C$201,">="&26,'Raw Data'!$C$2:$C$201,"<="&35),0) -> 0
A7: 36-45 | B7: =COUNTIFS('Raw Data'!$C$2:$C$201,">="&36,'Raw Data'!$C$2:$C$201,"<="&45) -> 43 | C7: =_xlfn.IFERROR(AVERAGEIFS('Raw Data'!$E$2:$E$201,'Raw Data'!$C$2:$C$201,">="&36,'Raw Data'!$C$2:$C$201,"<="&45),0) -> 0 | D7: =_xlfn.IFERROR(AVERAGEIFS('Raw Data'!$F$2:$F$201,'Raw Data'!$C$2:$C$201,">="&36,'Raw Data'!$C$2:$C$201,"<="&45),0) -> 0 | E7: =_xlfn.IFERROR(AVERAGEIFS('Raw Data'!$H$2:$H$201,'Raw Data'!$C$2:$C$201,">="&36,'Raw Data'!$C$2:$C$201,"<="&45),0) -> 0
A8: 46-55 | B8: =COUNTIFS('Raw Data'!$C$2:$C$201,">="&46,'Raw Data'!$C$2:$C$201,"<="&55) -> 30 | C8: =_xlfn.IFERROR(AVERAGEIFS('Raw Data'!$E$2:$E$201,'Raw Data'!$C$2:$C$201,">="&46,'Raw Data'!$C$2:$C$201,"<="&55),0) -> 0 | D8: =_xlfn.IFERROR(AVERAGEIFS('Raw Data'!$F$2:$F$201,'Raw Data'!$C$2:$C$201,">="&46,'Raw Data'!$C$2:$C$201,"<="&55),0) -> 0 | E8: =_xlfn.IFERROR(AVERAGEIFS('Raw Data'!$H$2:$H$201,'Raw Data'!$C$2:$C$201,">="&46,'Raw Data'!$C$2:$C$201,"<="&55),0) -> 0
A9: 56-65 | B9: =COUNTIFS('Raw Data'!$C$2:$C$201,">="&56,'Raw Data'!$C$2:$C$201,"<="&65) -> 36 | C9: =_xlfn.IFERROR(AVERAGEIFS('Raw Data'!$E$2:$E$201,'Raw Data'!$C$2:$C$201,">="&56,'Raw Data'!$C$2:$C$201,"<="&65),0) -> 0 | D9: =_xlfn.IFERROR(AVERAGEIFS('Raw Data'!$F$2:$F$201,'Raw Data'!$C$2:$C$201,">="&56,'Raw Data'!$C$2:$C$201,"<="&65),0) -> 0 | E9: =_xlfn.IFERROR(AVERAGEIFS('Raw Data'!$H$2:$H$201,'Raw Data'!$C$2:$C$201,">="&56,'Raw Data'!$C$2:$C$201,"<="&65),0) -> 0
A10: 66+ | B10: =COUNTIFS('Raw Data'!$C$2:$C$201,">="&66,'Raw Data'!$C$2:$C$201,"<="&120) -> 24 | C10: =_xlfn.IFERROR(AVERAGEIFS('Raw Data'!$E$2:$E$201,'Raw Data'!$C$2:$C$201,">="&66,'Raw Data'!$C$2:$C$201,"<="&120),0) -> 0 | D10: =_xlfn.IFERROR(AVERAGEIFS('Raw Data'!$F$2:$F$201,'Raw Data'!$C$2:$C$201,">="&66,'Raw Data'!$C$2:$C$201,"<="&120),0) -> 0 | E10: =_xlfn.IFERROR(AVERAGEIFS('Raw Data'!$H$2:$H$201,'Raw Data'!$C$2:$C$201,">="&66,'Raw Data'!$C$2:$C$201,"<="&120),0) -> 0
A13: By Region
A14: Region | B14: Customer Count | C14: Avg Income ($'000) | D14: Avg Spending Score | E14: % of Total Customers
A15: North | B15: =COUNTIF('Raw Data'!$D$2:$D$201,A15) -> 42 | C15: =_xlfn.IFERROR(AVERAGEIF('Raw Data'!$D$2:$D$201,A15,'Raw Data'!$E$2:$E$201),0) -> 0 | D15: =_xlfn.IFERROR(AVERAGEIF('Raw Data'!$D$2:$D$201,A15,'Raw Data'!$F$2:$F$201),0) -> 0 | E15: =B15/200 -> 0.21
A16: South | B16: =COUNTIF('Raw Data'!$D$2:$D$201,A16) -> 27 | C16: =_xlfn.IFERROR(AVERAGEIF('Raw Data'!$D$2:$D$201,A16,'Raw Data'!$E$2:$E$201),0) -> 0 | D16: =_xlfn.IFERROR(AVERAGEIF('Raw Data'!$D$2:$D$201,A16,'Raw Data'!$F$2:$F$201),0) -> 0 | E16: =B16/200 -> 0.135
A17: East | B17: =COUNTIF('Raw Data'!$D$2:$D$201,A17) -> 45 | C17: =_xlfn.IFERROR(AVERAGEIF('Raw Data'!$D$2:$D$201,A17,'Raw Data'!$E$2:$E$201),0) -> 0 | D17: =_xlfn.IFERROR(AVERAGEIF('Raw Data'!$D$2:$D$201,A17,'Raw Data'!$F$2:$F$201),0) -> 0 | E17: =B17/200 -> 0.225
A18: West | B18: =COUNTIF('Raw Data'!$D$2:$D$201,A18) -> 40 | C18: =_xlfn.IFERROR(AVERAGEIF('Raw Data'!$D$2:$D$201,A18,'Raw Data'!$E$2:$E$201),0) -> 0 | D18: =_xlfn.IFERROR(AVERAGEIF('Raw Data'!$D$2:$D$201,A18,'Raw Data'!$F$2:$F$201),0) -> 0 | E18: =B18/200 -> 0.2
A19: Central | B19: =COUNTIF('Raw Data'!$D$2:$D$201,A19) -> 46 | C19: =_xlfn.IFERROR(AVERAGEIF('Raw Data'!$D$2:$D$201,A19,'Raw Data'!$E$2:$E$201),0) -> 0 | D19: =_xlfn.IFERROR(AVERAGEIF('Raw Data'!$D$2:$D$201,A19,'Raw Data'!$F$2:$F$201),0) -> 0 | E19: =B19/200 -> 0.23
A22: Top 10 Most Valuable Customers (Income x Spending Score)
A23: Rank | B23: CustomerID | C23: Region | D23: Age | E23: Income ($'000) | F23: Spending Score | G23: Value Score
A24: 1 | B24: =INDEX('Raw Data'!$A$2:$A$201,MATCH(1,'Raw Data'!$J$2:$J$201,0)) -> 193 | C24: =INDEX('Raw Data'!$D$2:$D$201,MATCH(1,'Raw Data'!$J$2:$J$201,0)) -> Central | D24: =INDEX('Raw Data'!$C$2:$C$201,MATCH(1,'Raw Data'!$J$2:$J$201,0)) -> 70 | E24: =INDEX('Raw Data'!$E$2:$E$201,MATCH(1,'Raw Data'!$J$2:$J$201,0)) -> 99.8 | F24: =INDEX('Raw Data'!$F$2:$F$201,MATCH(1,'Raw Data'!$J$2:$J$201,0)) -> 89 | G24: =INDEX('Raw Data'!$I$2:$I$201,MATCH(1,'Raw Data'!$J$2:$J$201,0)) -> 8882.2
A25: 2 | B25: =INDEX('Raw Data'!$A$2:$A$201,MATCH(2,'Raw Data'!$J$2:$J$201,0)) -> 47 | C25: =INDEX('Raw Data'!$D$2:$D$201,MATCH(2,'Raw Data'!$J$2:$J$201,0)) -> Central | D25: =INDEX('Raw Data'!$C$2:$C$201,MATCH(2,'Raw Data'!$J$2:$J$201,0)) -> 63 | E25: =INDEX('Raw Data'!$E$2:$E$201,MATCH(2,'Raw Data'!$J$2:$J$201,0)) -> 102 | F25: =INDEX('Raw Data'!$F$2:$F$201,MATCH(2,'Raw Data'!$J$2:$J$201,0)) -> 84 | G25: =INDEX('Raw Data'!$I$2:$I$201,MATCH(2,'Raw Data'!$J$2:$J$201,0)) -> 8568
A26: 3 | B26: =INDEX('Raw Data'!$A$2:$A$201,MATCH(3,'Raw Data'!$J$2:$J$201,0)) -> 75 | C26: =INDEX('Raw Data'!$D$2:$D$201,MATCH(3,'Raw Data'!$J$2:$J$201,0)) -> West | D26: =INDEX('Raw Data'!$C$2:$C$201,MATCH(3,'Raw Data'!$J$2:$J$201,0)) -> 56 | E26: =INDEX('Raw Data'!$E$2:$E$201,MATCH(3,'Raw Data'!$J$2:$J$201,0)) -> 87.1 | F26: =INDEX('Raw Data'!$F$2:$F$201,MATCH(3,'Raw Data'!$J$2:$J$201,0)) -> 93 | G26: =INDEX('Raw Data'!$I$2:$I$201,MATCH(3,'Raw Data'!$J$2:$J$201,0)) -> 8100.3
A27: 4 | B27: =INDEX('Raw Data'!$A$2:$A$201,MATCH(4,'Raw Data'!$J$2:$J$201,0)) -> 20 | C27: =INDEX('Raw Data'!$D$2:$D$201,MATCH(4,'Raw Data'!$J$2:$J$201,0)) -> Central | D27: =INDEX('Raw Data'!$C$2:$C$201,MATCH(4,'Raw Data'!$J$2:$J$201,0)) -> 66 | E27: =INDEX('Raw Data'!$E$2:$E$201,MATCH(4,'Raw Data'!$J$2:$J$201,0)) -> 99.1 | F27: =INDEX('Raw Data'!$F$2:$F$201,MATCH(4,'Raw Data'!$J$2:$J$201,0)) -> 81 | G27: =INDEX('Raw Data'!$I$2:$I$201,MATCH(4,'Raw Data'!$J$2:$J$201,0)) -> 8027.1
A28: 5 | B28: =INDEX('Raw Data'!$A$2:$A$201,MATCH(5,'Raw Data'!$J$2:$J$201,0)) -> 37 | C28: =INDEX('Raw Data'!$D$2:$D$201,MATCH(5,'Raw Data'!$J$2:$J$201,0)) -> East | D28: =INDEX('Raw Data'!$C$2:$C$201,MATCH(5,'Raw Data'!$J$2:$J$201,0)) -> 68 | E28: =INDEX('Raw Data'!$E$2:$E$201,MATCH(5,'Raw Data'!$J$2:$J$201,0)) -> 79.5 | F28: =INDEX('Raw Data'!$F$2:$F$201,MATCH(5,'Raw Data'!$J$2:$J$201,0)) -> 94 | G28: =INDEX('Raw Data'!$I$2:$I$201,MATCH(5,'Raw Data'!$J$2:$J$201,0)) -> 7473
A29: 6 | B29: =INDEX('Raw Data'!$A$2:$A$201,MATCH(6,'Raw Data'!$J$2:$J$201,0)) -> 94 | C29: =INDEX('Raw Data'!$D$2:$D$201,MATCH(6,'Raw Data'!$J$2:$J$201,0)) -> East | D29: =INDEX('Raw Data'!$C$2:$C$201,MATCH(6,'Raw Data'!$J$2:$J$201,0)) -> 68 | E29: =INDEX('Raw Data'!$E$2:$E$201,MATCH(6,'Raw Data'!$J$2:$J$201,0)) -> 83.9 | F29: =INDEX('Raw Data'!$F$2:$F$201,MATCH(6,'Raw Data'!$J$2:$J$201,0)) -> 85 | G29: =INDEX('Raw Data'!$I$2:$I$201,MATCH(6,'Raw Data'!$J$2:$J$201,0)) -> 7131.5
A30: 7 | B30: =INDEX('Raw Data'!$A$2:$A$201,MATCH(7,'Raw Data'!$J$2:$J$201,0)) -> 65 | C30: =INDEX('Raw Data'!$D$2:$D$201,MATCH(7,'Raw Data'!$J$2:$J$201,0)) -> East | D30: =INDEX('Raw Data'!$C$2:$C$201,MATCH(7,'Raw Data'!$J$2:$J$201,0)) -> 60 | E30: =INDEX('Raw Data'!$E$2:$E$201,MATCH(7,'Raw Data'!$J$2:$J$201,0)) -> 82.9 | F30: =INDEX('Raw Data'!$F$2:$F$201,MATCH(7,'Raw Data'!$J$2:$J$201,0)) -> 86 | G30: =INDEX('Raw Data'!$I$2:$I$201,MATCH(7,'Raw Data'!$J$2:$J$201,0)) -> 7129.4
A31: 8 | B31: =INDEX('Raw Data'!$A$2:$A$201,MATCH(8,'Raw Data'!$J$2:$J$201,0)) -> 168 | C31: =INDEX('Raw Data'!$D$2:$D$201,MATCH(8,'Raw Data'!$J$2:$J$201,0)) -> West | D31: =INDEX('Raw Data'!$C$2:$C$201,MATCH(8,'Raw Data'!$J$2:$J$201,0)) -> 52 | E31: =INDEX('Raw Data'!$E$2:$E$201,MATCH(8,'Raw Data'!$J$2:$J$201,0)) -> 80.7 | F31: =INDEX('Raw Data'!$F$2:$F$201,MATCH(8,'Raw Data'!$J$2:$J$201,0)) -> 86 | G31: =INDEX('Raw Data'!$I$2:$I$201,MATCH(8,'Raw Data'!$J$2:$J$201,0)) -> 6940.2
A32: 9 | B32: =INDEX('Raw Data'!$A$2:$A$201,MATCH(9,'Raw Data'!$J$2:$J$201,0)) -> 64 | C32: =INDEX('Raw Data'!$D$2:$D$201,MATCH(9,'Raw Data'!$J$2:$J$201,0)) -> East | D32: =INDEX('Raw Data'!$C$2:$C$201,MATCH(9,'Raw Data'!$J$2:$J$201,0)) -> 69 | E32: =INDEX('Raw Data'!$E$2:$E$201,MATCH(9,'Raw Data'!$J$2:$J$201,0)) -> 79.9 | F32: =INDEX('Raw Data'!$F$2:$F$201,MATCH(9,'Raw Data'!$J$2:$J$201,0)) -> 86 | G32: =INDEX('Raw Data'!$I$2:$I$201,MATCH(9,'Raw Data'!$J$2:$J$201,0)) -> 6871.4
A33: 10 | B33: =INDEX('Raw Data'!$A$2:$A$201,MATCH(10,'Raw Data'!$J$2:$J$201,0)) -> 26 | C33: =INDEX('Raw Data'!$D$2:$D$201,MATCH(10,'Raw Data'!$J$2:$J$201,0)) -> East | D33: =INDEX('Raw Data'!$C$2:$C$201,MATCH(10,'Raw Data'!$J$2:$J$201,0)) -> 66 | E33: =INDEX('Raw Data'!$E$2:$E$201,MATCH(10,'Raw Data'!$J$2:$J$201,0)) -> 78.6 | F33: =INDEX('Raw Data'!$F$2:$F$201,MATCH(10,'Raw Data'!$J$2:$J$201,0)) -> 86 | G33: =INDEX('Raw Data'!$I$2:$I$201,MATCH(10,'Raw Data'!$J$2:$J$201,0)) -> 6759.6

Sheet Charts
A1: Data Visualizations

Sheet Insights & Strategy
A1: Key Insights & Marketing Strategy
A3: Metric | B3: Value
A4: Total Customers Analyzed | B4: =COUNTA('Raw Data'!A2:A201) -> 200
A5: Overall Avg Annual Income ($'000) | B5: =AVERAGE('Raw Data'!E2:E201) -> 64.4565
A6: Overall Avg Spending Score | B6: =AVERAGE('Raw Data'!F2:F201) -> 47.65
A7: Largest Region by Customer Count | B7: =INDEX('Segmentation'!A15:A19,MATCH(MAX('Segmentation'!B15:B19),'Segmentation'!B15:B19,0)) -> Central
A8: Highest-Spending Age Group | B8: =INDEX('Segmentation'!A5:A10,MATCH(MAX('Segmentation'!D5:D10),'Segmentation'!D5:D10,0)) -> 18-25
A9: Top Customer's Value Score | B9: ='Segmentation'!G24 -> 8882.2
A11: Findings
A12: - Spending behavior does not track income in a straight line — several mid-income customers post the highest spending scores, suggesting engagement/loyalty drives value more than income alone.
A13: - One region consistently outpaces the others on both customer count and average spending score (see 'Largest Region' and the Segmentation tab) — a natural first market to double down on.
A14: - The Top 10 table isolates the highest income x spending customers — useful as a VIP/loyalty shortlist rather than treating all customers as one segment.
A15: - Age groups in the middle of the range show the strongest combination of income and spending, making them the most efficient segment to target per marketing dollar spent.
A17: Suggested Marketing Strategies
A18: - Launch a loyalty/VIP tier for the Top 10 (and similar) high value-score customers with early access or bundled discounts to protect and grow their spend.
A19: - Concentrate regional ad spend and local promotions on the top-performing region identified above rather than spreading budget evenly across all five regions.
A20: - Build a targeted campaign for the highest-spending age group using channels that group actually uses, instead of a single blanket campaign for all ages.
A21: - Re-engage low spending-score customers with reactivation offers (e.g. first-purchase-style discounts) rather than treating them the same as core repeat customers.
A23: Note: dataset is synthetic (randomly generated for this exercise), sized at 200 customers across 5 regions and 5 product categories, seeded for reproducibility.
